last_name, first_name,player_id,year,exit_velocity_avg,barrel_batted_rate,z_swing_percent,oz_swing_percent,
Cabrera, Miguel,408234,2020,93.2,9.7,70.5,29.9,
Cruz Jr., Nelson,443558,2020,91.6,15,68.3,30.8,
Peralta, David,444482,2020,89.2,5,65.5,26.6,
Longoria, Evan,446334,2020,91.7,11.5,62.4,27.8,
Cabrera, Asdrubal,452678,2020,89.5,6.5,66.8,28.4,
Blackmon, Charlie,453568,2020,86.9,4.9,70.3,29.7,
Solano, Donovan,456781,2020,88.5,4.6,68.5,36.2,
McCutchen, Andrew,457705,2020,89.7,8.2,58.8,21.4,
Votto, Joey,458015,2020,87.4,9.1,57.2,17.3,
Santana, Carlos,467793,2020,88,6.7,61.4,16.6,
Brantley Jr., Michael,488726,2020,88.7,4.9,59.3,20,
Gurriel, Yuli,493329,2020,89.3,3.7,66,34.4,
Escobar, Eduardo,500871,2020,88.6,5.5,70.2,35.2,
Martinez, J.D.,502110,2020,89.5,11,73.7,30.9,
Reddick, Josh,502210,2020,85.9,4.8,68.4,25.7,
Goldschmidt, Paul,502671,2020,89.2,10.7,61.1,22.5,
Gonzalez, Marwin,503556,2020,89.2,5.1,61.4,26.8,
Altuve, Jose,514888,2020,86.7,4.6,67.9,35.3,
Hernandez, Cesar,514917,2020,89.1,4,65,22.9,
Segura, Jean,516416,2020,87.7,6.1,65.1,31.5,
Marte, Starling,516782,2020,87.1,6.4,73.2,34.8,
Freeman, Freddie,518692,2020,92.4,14.7,77.7,25.8,
Grandal, Yasmani,518735,2020,90.3,7.6,49.3,20.1,
LeMahieu, DJ,518934,2020,91.3,2.9,64,24,
Rizzo, Anthony,519203,2020,87.7,7.8,56,31.7,
Flores, Wilmer,527038,2020,87.9,6.1,69.5,29.7,
Garcia, Avisail,541645,2020,87.4,3.8,78.5,34.5,
Ozuna, Marcell,542303,2020,93,15.4,68.7,28.2,
Villar, Jonathan,542340,2020,86.7,1.5,74.7,33.6,
Aguilar, Jesus,542583,2020,89.3,7.2,63.8,31.9,
Crawford, Brandon,543063,2020,88.7,9.4,78.3,31.7,
Grossman, Robbie,543257,2020,89,5.5,65.9,21.7,
Hicks, Aaron,543305,2020,88.2,6.9,66.4,15.4,
Rendon, Anthony,543685,2020,90.1,6.3,66.9,16.5,
Semien, Marcus,543760,2020,86.2,5,70.9,18.5,
Springer III, George,543807,2020,88.7,12.4,74,23.6,
Vazquez, Christian,543877,2020,88.4,4.6,65,31.3,
Wong, Kolten,543939,2020,86.5,0.6,65.4,24.2,
Gregorius, Didi,544369,2020,83.8,4.2,74,33.2,
Grichuk, Randal,545341,2020,88.9,11.2,71.1,34,
Trout, Mike,545361,2020,93.7,15,57.4,14.4,
Ruiz, Rio,547004,2020,87.9,8.5,77.4,28.3,
Harper, Bryce,547180,2020,92.5,17.3,73.4,28.3,
Abreu, Jose,547989,2020,92.9,14.3,68.6,32.2,
Suarez, Eugenio,553993,2020,89.1,14.4,63.1,24,
Gonzalez, Erik,570481,2020,88.5,6.7,74,35.1,
Arenado, Nolan,571448,2020,87.8,5.4,66.2,32.4,
Muncy, Max,571970,2020,88.5,12.4,59.6,15.9,
Myers, Wil,571976,2020,91,14.8,62.6,25.1,
Pollock, AJ,572041,2020,89.6,10.5,65.3,29.9,
Seager, Kyle,572122,2020,89.1,10.2,62.5,20.6,
Voit III, Luke,572228,2020,88.9,13.1,79.2,27.5,
Walker, Christian,572233,2020,90.4,6.4,74.3,29.9,
Dickerson, Corey,572816,2020,85.7,5.7,73.7,33.2,
Yastrzemski, Mike,573262,2020,88.2,10.9,58.6,19.7,
Contreras, Willson,575929,2020,89.8,10.4,67.8,31.3,
Canha, Mark,592192,2020,89.7,7.7,57.6,19.3,
Castellanos, Nick,592206,2020,91,16,73.2,35.9,
Machado, Manny,592518,2020,90.2,11,71.8,24,
Moran, Colin,592567,2020,91.9,13.4,69.2,35.7,
Realmuto, J.T.,592663,2020,90.2,13.6,66.9,25.2,
Rosario, Eddie,592696,2020,87.5,6.2,70.2,39.4,
Yelich, Christian,592885,2020,94,12.1,57.7,17.7,
Merrifield, Whit,593160,2020,86.1,5.1,71.8,28,
Bogaerts, Xander,593428,2020,89,8.6,64.3,23.7,
Alberto, Hanser,593643,2020,82.3,1,75.7,52.3,
Polanco, Jorge,593871,2020,86.6,2.8,64.4,23.2,
Sano, Miguel,593934,2020,95.2,22.9,70.3,28,
Calhoun, Kole,594777,2020,89.4,11.8,76,21.4,
Duvall, Adam,594807,2020,88.1,13.9,66.6,32.5,
Profar, Jurickson,595777,2020,87.2,3.2,66.5,28.5,
Baez, Javier,595879,2020,89.4,8.1,73.4,38.6,
Lindor, Francisco,596019,2020,89.9,5.6,72.3,29.9,
Story, Trevor,596115,2020,89.9,8.7,66.6,28.2,
Kepler, Max,596146,2020,88.5,5.1,66.7,24.1,
Franco, Maikel,596748,2020,86.7,5.8,71.4,32.8,
Bradley Jr., Jackie,598265,2020,88.4,7.6,67.4,23.8,
La Stella, Tommy,600303,2020,88,4.8,54.2,21.3,
Nunez, Renato,600524,2020,86.3,12.1,66.7,40,
Candelario, Jeimer,600869,2020,90.2,10.3,67.8,26.2,
Ahmed, Nick,605113,2020,87.7,5.2,69.3,30.1,
Anderson, Brian,605119,2020,87.4,9.6,73.4,29.6,
Bell, Josh,605137,2020,91.7,8.6,72.3,26.9,
Betts, Mookie,605141,2020,90.7,7.7,58,23.2,
Davis, J.D.,605204,2020,90.1,8.9,66.5,23.3,
Arcia, Orlando,606115,2020,89,5.6,67.6,28.1,
Tapia, Raimel,606132,2020,85.3,2,71.3,30.7,
Hernandez, Teoscar,606192,2020,93.3,18,62.9,30.9,
Marte, Ketel,606466,2020,89.2,3.7,61.6,28,
Nimmo, Brandon,607043,2020,87.2,7.7,67.5,17,
Turner, Trea,607208,2020,90.5,9.5,67.6,27.2,
Pillar, Kevin,607680,2020,87.1,5.4,67.2,36.8,
Ramirez, Jose,608070,2020,88.7,10.2,63.2,22.6,
Gallo, Joey,608336,2020,91.2,14,66.9,19.1,
Seager, Corey,608369,2020,93.2,15.8,82.2,30.3,
Mondesi, Adalberto,609275,2020,90.6,7.3,77.4,35,
Reyes, Franmil,614177,2020,92.4,12.9,69.3,27.5,
Swanson, Dansby,621020,2020,89.1,11.4,71,23.9,
Taylor, Chris,621035,2020,88,11.5,73.7,17.3,
Correa, Carlos,621043,2020,88.8,5.9,65.7,31.7,
Olson, Matt,621566,2020,92.3,12.8,67.6,19.9,
Reyes, Victor,622682,2020,90,3.8,69,41.7,
Alonso, Pete,624413,2020,90.2,12.8,65.3,30.5,
Biggio, Cavan,624415,2020,87.4,5,59.5,13.7,
Conforto, Michael,624424,2020,88.4,11,64.8,25.3,
Frazier, Adam,624428,2020,85.5,4,68.9,24.7,
Cronenworth, Jake,630105,2020,89.8,10.5,58.1,19,
Anderson, Tim,641313,2020,87.2,10.1,72.8,39.4,
Bellinger, Cody,641355,2020,89.3,9.4,68.1,27.9,
Crawford, J.P.,641487,2020,85.8,1.8,58.3,22.9,
Dozier, Hunter,641531,2020,86.4,8.2,64.1,24.4,
Lewis, Kyle,641786,2020,88.3,11.7,64.1,24.6,
McMahon, Ryan,641857,2020,90.1,11.2,67.7,27.2,
Smith, Dominic,642086,2020,89.8,13.3,71.9,33.5,
Adames, Willy,642715,2020,88.8,9.9,69.3,26.2,
Kiner-Falefa, Isiah,643396,2020,87.2,2.2,65.5,27.4,
McNeil, Jeff,643446,2020,86.6,2.5,83.1,32.4,
Robles, Victor,645302,2020,82.2,1.7,73.1,29.1,
Devers, Rafael,646240,2020,93,12.1,74.3,38.6,
Jimenez, Eloy,650391,2020,92.4,16.5,75.4,37.9,
Schwarber, Kyle,656941,2020,92.8,11.2,62.3,27.8,
Verdugo, Alex,657077,2020,87,6.4,57.8,27.8,
White, Evan,657108,2020,91.7,14.1,63.2,24.3,
Laureano, Ramon,657656,2020,87.7,9.4,57.4,23.3,
Moncada, Yoan,660162,2020,87.8,6.2,63.2,27.3,
Acuna Jr., Ronald,660670,2020,92.4,16,63.7,20,
Riley, Austin,663586,2020,91,10,77.9,32.3,
Tucker, Kyle,663656,2020,91.1,9.1,77.3,26.3,
Grisham, Trent,663757,2020,88.3,11.1,58,18,
Happ, Ian,664023,2020,91.1,10.3,64.4,24.2,
Lowe, Brandon,664040,2020,89.8,17.5,72.5,21.2,
Fletcher, David,664058,2020,84.7,0.5,47.6,25.5,
Tatis Jr., Fernando,665487,2020,95.9,19.5,71.8,26.1,
Guerrero Jr., Vladimir,665489,2020,92.5,8.7,74,24.6,
Soto, Juan,665742,2020,92.1,18.3,61.5,15.7,
Gurriel Jr., Lourdes,666971,2020,90.8,11.7,70.5,33.9,
Reynolds, Bryan,668804,2020,87.5,10.2,70,27.7,
Edman, Tommy,669242,2020,86.5,3.8,61,25.6,
Solak, Nick,669256,2020,89.9,4.7,64.1,24.2,
Hiura, Keston,669374,2020,87.4,14.2,71.4,30.4,
Lopez, Nicky,670032,2020,84.9,1.5,64.2,25.2,
Robert, Luis,673357,2020,87.9,13,81.1,39.6,
Hunter, Torii,116338,2015,88.5,5,72.6,34.2,
Ortiz, David,120074,2015,93,13.1,70.8,26.4,
Rodriguez, Alex,121347,2015,91.4,10.9,67.5,24,
Ramirez, Aramis,133380,2015,87.4,5.6,73.5,34.4,
Beltre, Adrian,134181,2015,89.5,5.5,62.2,35.5,
Beltran, Carlos,136860,2015,90.6,5.8,65.5,28.8,
Rollins, Jimmy,276519,2015,85.8,2.5,66.2,24.8,
Pujols, Albert,405395,2015,90.7,7.7,62.8,29.5,
Byrd, Marlon,407781,2015,86.3,8.5,81.6,41.8,
Mauer, Joe,408045,2015,89.5,3.7,57.3,25.6,
Cabrera, Miguel,408234,2015,93.8,10.6,68.3,27.3,
Gonzalez, Adrian,408236,2015,88.8,8.4,73.7,32.2,
Phillips, Brandon,408252,2015,86.2,2.3,73.9,35.4,
Reyes, Jose,408314,2015,84.6,0.2,67.2,35.6,
Peralta, Jhonny,425509,2015,88.1,4.4,74.2,29,
Choo, Shin-Soo,425783,2015,90.9,8.4,62.9,22.9,
Molina, Yadier,425877,2015,86.3,2.3,74.1,34.2,
Fielder, Prince,425902,2015,90.9,6.4,70.6,32.3,
Cano, Robinson,429664,2015,91,7.3,71.5,31.8,
Encarnacion, Edwin,429665,2015,90.1,10,64.4,23.2,
Howard, Ryan,429667,2015,91.3,11.7,76.4,37.1,
Bautista, Jose,430832,2015,92,12.6,61.4,19.9,
Jones, Adam,430945,2015,88.2,8.9,81.3,44,
Aybar, Erick,430947,2015,85.7,0.9,68.8,38.7,
Martin, Russell,431145,2015,89.2,8.2,59.2,21,
Granderson, Curtis,434158,2015,89.4,8.3,58.3,19.4,
Pagan, Angel,434636,2015,86.3,0.7,60.5,23.8,
Morales, Kendrys,434778,2015,91.9,8.9,71.1,30.2,
Kinsler, Ian,435079,2015,86.1,2.7,67.1,26.1,
McCann, Brian,435263,2015,89.5,5.3,56.6,30.4,
Walker, Neil,435522,2015,88.9,4.8,72,30.7,
Desmond, Ian,435622,2015,90.8,6.9,67.8,33.1,
Cruz Jr., Nelson,443558,2015,92.7,14.1,69.6,30.9,
Trumbo, Mark,444432,2015,92,9.8,69.8,35.8,
Peralta, David,444482,2015,91.6,8,67.2,31.3,
Escobar, Alcides,444876,2015,84.6,0.9,68.3,35.3,
Prado, Martin,445988,2015,89,2.3,52,25.4,
Duda, Lucas,446263,2015,91.7,11.6,62.8,27.4,
Longoria, Evan,446334,2015,89.6,8.5,65.1,29.4,
Davis, Chris,448801,2015,92,17.3,70,28.8,
Zobrist, Ben,450314,2015,88.6,3.6,55.3,21.5,
Fowler, Dexter,451594,2015,87.2,4.5,66.8,19.4,
Headley, Chase,452104,2015,86.8,5.1,64.8,22.8,
Lind, Adam,452252,2015,89.5,7.2,60.9,32.1,
Cabrera, Asdrubal,452678,2015,88.3,5.4,73.7,37.6,
Tulowitzki, Troy,453064,2015,90,5.3,63,28.5,
Blackmon, Charlie,453568,2015,86.8,3.7,59.8,27.5,
Frazier, Todd,453943,2015,89.6,9,73.5,35,
Markakis, Nick,455976,2015,88.3,0.8,60.4,25.6,
Butler, Billy,456714,2015,89.4,7.5,60.6,28.7,
Cain, Lorenzo,456715,2015,90.2,5.5,67.7,32.7,
McCutchen, Andrew,457705,2015,90.6,9.3,68.1,21.5,
Jackson, Austin,457706,2015,89.6,3.8,62.3,24.6,
Upton, Justin,457708,2015,89.8,10.1,67,22.7,
Maybin, Cameron,457727,2015,88.2,2.7,61.2,25.7,
Posey III, Buster,457763,2015,89,6.1,69.8,27,
Bruce, Jay,457803,2015,89.7,8.1,73.8,30.7,
Votto, Joey,458015,2015,90.2,10.9,61.4,16.7,
Coghlan, Chris,458085,2015,88.5,5.5,66.9,21.4,
Gardner, Brett,458731,2015,88.8,4,54.5,22.1,
Braun, Ryan,460075,2015,92.2,10.7,68.7,35.8,
Moss, Brandon,461235,2015,89.1,11.7,71,30.9,
Kemp, Matt,461314,2015,89.5,8.3,69.7,34.7,
Plouffe, Trevor,461858,2015,89.8,7.9,64.6,24.6,
Andrus, Elvis,462101,2015,87.3,1.5,59.1,25.3,
Cervelli, Francisco,465041,2015,88.2,4.1,62.1,19.2,
Cabrera, Melky,466320,2015,89.6,2.4,62.8,32.8,
Sandoval, Pablo,467055,2015,88.1,4.8,74.5,47.2,
Ramos, Wilson,467092,2015,90.5,6.3,72.7,33.8,
Santana, Carlos,467793,2015,89.2,7.2,57.4,19.1,
Parra, Gerardo,467827,2015,88.2,3.2,73.9,38.1,
Gonzalez, Carlos,471865,2015,90.3,10.5,77.8,36.7,
Belt, Brandon,474832,2015,89.8,10,81.4,25.4,
Brantley Jr., Michael,488726,2015,89,3.9,64,22.1,
Escobar, Yunel,488862,2015,89.7,3,73.3,26.6,
Morrison, Logan,489149,2015,89.9,6.9,69.4,28.9,
Cespedes, Yoenis,493316,2015,92.2,11.1,62.7,36.3,
Ramirez, Alexei,493351,2015,84.7,1,66.4,31.3,
Solarte, Yangervis,500208,2015,88.1,2.1,67.8,30.7,
Martinez, J.D.,502110,2015,91.3,17.3,74.3,33.3,
Reddick, Josh,502210,2015,88.4,5,64.8,26.7,
Murphy, Daniel,502517,2015,89.9,4.7,70.2,31.5,
Goldschmidt, Paul,502671,2015,92,12.5,59.3,20.2,
Altuve, Jose,514888,2015,86.1,3.1,70.9,34.5,
Segura, Jean,516416,2015,86.9,1.3,70.2,36.7,
Castro, Starlin,516770,2015,86.3,4.3,64.6,33,
Marte, Starling,516782,2015,87.8,6.7,75.9,38.7,
Donaldson, Josh,518626,2015,92.5,12.2,68.6,23.3,
Heyward, Jason,518792,2015,89.1,2.8,61.3,24,
LeMahieu, DJ,518934,2015,90.5,1.9,62.6,23.7,
Moreland, Mitch,519048,2015,91.4,10.4,66.9,29.8,
Moustakas, Mike,519058,2015,89.4,6.4,64.7,31.5,
Norris, Derek,519083,2015,87.1,2.3,62.4,24.6,
Revere, Ben,519184,2015,83.1,0,57.5,28.8,
Rizzo, Anthony,519203,2015,88.7,8,67.4,31.1,
Vogt, Stephen,519390,2015,86.9,5.6,56.9,29.1,
Galvis, Freddy,520471,2015,86.1,2.1,64,39.7,
Perez, Salvador,521692,2015,87.3,5.3,67.7,41.7,
Forsythe, Logan,523253,2015,88.4,3.7,57.1,22.4,
Flores, Wilmer,527038,2015,86.4,1.9,66.2,29.2,
Garcia, Avisail,541645,2015,88.5,4.8,78.9,42.7,
Inciarte, Ender,542255,2015,85.5,1.3,62.2,34.8,
Burns, Billy,542993,2015,83.2,0.5,79.5,36.8,
Crawford, Brandon,543063,2015,90.3,8.7,75.3,32.3,
Giavotella, Johnny,543213,2015,85.8,1,62.8,26.6,
Gose, Anthony,543238,2015,88.2,2.3,70.8,30.5,
Hosmer, Eric,543333,2015,89.8,7.1,64.2,31.4,
Kipnis, Jason,543401,2015,89.4,2.8,61.4,25.8,
Lawrie, Brett,543434,2015,90,4.7,62.9,34.8,
Semien, Marcus,543760,2015,87.1,4.5,61.8,24,
Strange-Gordon, Dee,543829,2015,84.4,1.1,65.6,37,
Wong, Kolten,543939,2015,87.4,3,72.8,32.9,
Gregorius, Didi,544369,2015,85.4,1.6,71.4,34.7,
Trout, Mike,545361,2015,92.9,16.4,53.7,22.5,
Herrera, Odubel,546318,2015,88.7,3.2,67.3,35.2,
Harper, Bryce,547180,2015,91.4,12.9,71.4,25.6,
Abreu, Jose,547989,2015,91,9.3,66,34.6,
Polanco, Gregory,570256,2015,89.9,4.4,65.9,29.3,
Arenado, Nolan,571448,2015,90.6,8.3,73.3,35.7,
Holt, Brock,571788,2015,86.6,0.6,56.8,24.7,
Owings, Chris,572008,2015,86.9,2.6,70.3,36,
Pollock, AJ,572041,2015,88.9,5.7,63.7,28.7,
Seager, Kyle,572122,2015,89.3,7,62.9,28.3,
Taylor, Michael A.,572191,2015,88.7,6.3,72,32,
Carpenter, Matt,572761,2015,88.9,9.1,59.4,20.7,
Dozier, Brian,572821,2015,87.2,5.9,62.7,29,
Bryant, Kris,592178,2015,89.7,11.5,73.6,28.8,
Castellanos, Nick,592206,2015,88.3,7.7,69.5,32.5,
Machado, Manny,592518,2015,91.4,7.6,63.5,24.7,
Pederson, Joc,592626,2015,91.2,11.8,64.9,24.9,
Simmons, Andrelton,592743,2015,86.4,1,65.3,25.3,
Yelich, Christian,592885,2015,91.7,4.8,64.8,24.4,
Bogaerts, Xander,593428,2015,88,2.5,63.4,34.1,
Calhoun, Kole,594777,2015,86.2,6.8,71.6,29.4,
Eaton, Adam,594809,2015,88.1,3.1,60.6,27.8,
Gattis, Evan,594828,2015,88.9,7.1,68.7,36.4,
Kiermaier, Kevin,595281,2015,87.6,2.4,71.8,31.6,
Betts, Mookie,605141,2015,90.4,5.5,54.3,23.5,
Peterson, Jace,607054,2015,87.1,3.3,62.4,26.4,
Pillar, Kevin,607680,2015,85.8,1.8,63.2,38.7,
Russell, Addison,608365,2015,86.7,5.2,68.4,28,
Duffy, Matt,622110,2015,88,4,62.6,29.8,
Ortiz, David,120074,2016,93.2,15.5,68.6,26.5,
Beltre, Adrian,134181,2016,90.1,8.5,64.7,34.4,
Beltran, Carlos,136860,2016,90.1,6.8,66.5,28.3,
Werth, Jayson,150029,2016,91.4,7.4,52.8,22.4,
Martinez, Victor,400121,2016,90,8.4,65.3,30.5,
Utley, Chase,400284,2016,87.7,4.3,58.6,21.5,
Pujols, Albert,405395,2016,91.6,9.2,62.4,30.8,
Mauer, Joe,408045,2016,89.8,6,50.8,21.1,
Cabrera, Miguel,408234,2016,93.6,15.9,70.9,30.8,
Gonzalez, Adrian,408236,2016,88.2,4.6,71.4,30.1,
Phillips, Brandon,408252,2016,86.4,2.7,75.4,40.9,
Upton Jr., B.J.,425834,2016,88.3,5.8,69.4,28.2,
Molina, Yadier,425877,2016,87.8,3.6,72,35.1,
Cano, Robinson,429664,2016,90.1,7.3,70.2,34.7,
Encarnacion, Edwin,429665,2016,90.8,12.3,65,21.4,
Bautista, Jose,430832,2016,91.5,8.3,56.5,19,
Jones, Adam,430945,2016,88.7,8,82.6,42.6,
Martin, Russell,431145,2016,89.2,9.3,56.9,19.2,
Granderson, Curtis,434158,2016,87.8,6.9,56.8,20.2,
Pagan, Angel,434636,2016,85.7,3,57.9,23.3,
Ramirez, Hanley,434670,2016,90.6,10.4,65.9,29.6,
Morales, Kendrys,434778,2016,92.8,10.8,66.9,32.9,
Kendrick III, Howie,435062,2016,90.5,5.8,67.2,28.3,
Napoli, Mike,435063,2016,89.6,13.3,63.5,24.7,
Kinsler, Ian,435079,2016,87.1,3.8,62.5,25.1,
Desmond, Ian,435622,2016,90.7,7.5,62.2,29.1,
Cruz Jr., Nelson,443558,2016,94.6,16.5,68.7,28,
Trumbo, Mark,444432,2016,92.8,15.6,69.1,31.4,
Escobar, Alcides,444876,2016,84,1.4,69.7,38.6,
Prado, Martin,445988,2016,87.9,1.3,51.5,26.9,
Longoria, Evan,446334,2016,90.8,12.1,64.5,32.4,
Cozart, Zack,446359,2016,86.3,2.3,65.8,27.1,
Davis, Chris,448801,2016,91.1,15.1,62.4,27.4,
Zobrist, Ben,450314,2016,89.2,4.5,55.3,18.8,
Fowler, Dexter,451594,2016,88.1,5.6,62.9,17.6,
Headley, Chase,452104,2016,87.2,5.9,65.6,23.9,
Span, Denard,452655,2016,86,2.8,64.4,24.8,
Cabrera, Asdrubal,452678,2016,88.9,5.7,72.6,32.3,
Ellsbury, Jacoby,453056,2016,86.9,1.7,66.9,25.3,
Tulowitzki, Troy,453064,2016,90,9.6,61.4,26.8,
Blackmon, Charlie,453568,2016,87.7,6.8,63.9,32,
Frazier, Todd,453943,2016,89,10.1,64.9,30.1,
Markakis, Nick,455976,2016,90.7,4.9,61,21.4,
Pedroia, Dustin,456030,2016,88.6,2.5,58.4,24.7,
Nunez, Eduardo,456488,2016,89.6,4.4,70.7,36.8,
McCutchen, Andrew,457705,2016,89.6,8.5,68.9,24,
Upton, Justin,457708,2016,91.2,12.2,64.6,23.4,
Turner, Justin,457759,2016,90.6,8.8,63.8,23.6,
Posey III, Buster,457763,2016,90.5,6.9,66.6,26.5,
Espinosa, Danny,457787,2016,90.1,8.2,70.2,32.2,
Bruce, Jay,457803,2016,88.9,8.4,76.1,32,
Votto, Joey,458015,2016,89.5,9.7,66.8,19.9,
Gardner, Brett,458731,2016,86.5,2.4,53.7,22.7,
Saunders, Michael,459431,2016,90,7.7,68.3,23.2,
Braun, Ryan,460075,2016,90,8.4,72.1,34.7,
Gordon, Alex,460086,2016,87.8,8.7,65.3,23.9,
Kemp, Matt,461314,2016,88.2,11.1,73.4,38.3,
Andrus, Elvis,462101,2016,87.4,1.8,60.1,24.9,
Cabrera, Melky,466320,2016,89.5,2.1,66.8,34.1,
Ramos, Wilson,467092,2016,90.8,7.4,71.2,28.2,
Santana, Carlos,467793,2016,90.8,9.8,60.5,19,
Gonzalez, Carlos,471865,2016,90.2,8.6,73,34.4,
Mercer, Jordy,474568,2016,86.9,2.2,60.2,27.6,
Belt, Brandon,474832,2016,87.2,11.3,77.9,23.5,
Carter, Chris,474892,2016,91.7,17.6,66.5,24.8,
Alonso, Yonder,475174,2016,88.6,4.1,68.2,25.8,
Escobar, Yunel,488862,2016,89.3,2.8,70.1,27.1,
Cespedes, Yoenis,493316,2016,91.7,9.8,64.6,33.1,
Ramirez, Alexei,493351,2016,84.5,0.5,65.3,32.5,
Davis, Khris,501981,2016,92,17,74.4,29.2,
Martinez, J.D.,502110,2016,91.5,14.2,75.6,31.3,
Valencia, Danny,502143,2016,90.1,7.8,60.2,29.4,
Murphy, Daniel,502517,2016,90.7,8.5,63.7,30.8,
Goldschmidt, Paul,502671,2016,91,7.8,59.7,20.7,
Gonzalez, Marwin,503556,2016,89.3,5.4,65.8,35.1,
Altuve, Jose,514888,2016,88.3,6.9,70.4,30.7,
Hernandez, Cesar,514917,2016,87,1.8,67.8,23.6,
Segura, Jean,516416,2016,89,5.9,63.6,29.9,
Castro, Starlin,516770,2016,88.5,5.4,68.1,35.3,
Marte, Starling,516782,2016,87.5,5.4,73.1,38.1,
Donaldson, Josh,518626,2016,92.2,12.3,63.4,23.4,
Freeman, Freddie,518692,2016,91.3,13.2,79.5,29.5,
Heyward, Jason,518792,2016,86.8,3,60,23.7,
LeMahieu, DJ,518934,2016,91.8,4.9,59.5,23.2,
Lucroy, Jonathan,518960,2016,87.6,7.4,56.6,28.4,
Moreland, Mitch,519048,2016,90.6,9.6,69.7,32.6,
Rizzo, Anthony,519203,2016,89.1,9.2,64,29.7,
Vogt, Stephen,519390,2016,85.9,5.1,60.2,30.8,
Galvis, Freddy,520471,2016,87.4,2.8,68.4,39.2,
Perez, Salvador,521692,2016,88.8,6.3,69.1,42.6,
Forsythe, Logan,523253,2016,90,7.5,57.2,19,
Inciarte, Ender,542255,2016,85.5,0.7,63.9,31.5,
Ozuna, Marcell,542303,2016,90.8,7.8,64.3,31.5,
Villar, Jonathan,542340,2016,90.3,6.4,66.4,22.4,
Crawford, Brandon,543063,2016,88.9,5.4,76.8,29.4,
Harrison, Josh,543281,2016,86.5,2.1,71.6,36.2,
Hosmer, Eric,543333,2016,92,9.2,70,31.3,
Kipnis, Jason,543401,2016,89.9,6.7,61.1,25.5,
Miller, Brad,543543,2016,90.6,9.7,70.3,29.2,
Rendon, Anthony,543685,2016,91.1,5.9,62.2,21.2,
Semien, Marcus,543760,2016,88,6.7,65.4,25.6,
Shaw, Travis,543768,2016,88.6,8,67.3,31.7,
Springer III, George,543807,2016,89.4,10.5,71.5,25.4,
Gregorius, Didi,544369,2016,86.1,2.9,74.3,38.9,
Trout, Mike,545361,2016,90.9,14.4,57.7,21.7,
Herrera, Odubel,546318,2016,87.7,4.2,68.8,34.2,
Harper, Bryce,547180,2016,89,7.3,67.5,24.3,
Martin, Leonys,547982,2016,87.6,5,70.3,33.2,
Abreu, Jose,547989,2016,89.7,7.9,68,37.7,
Suarez, Eugenio,553993,2016,86.6,6.3,61.4,26,
Polanco, Gregory,570256,2016,89.9,6,68.9,29.9,
Schoop, Jonathan,570731,2016,87.4,6.9,79.3,41.9,
Arenado, Nolan,571448,2016,89.5,9,67,32,
Gennett, Scooter,571697,2016,86.9,3.9,73.4,33.2,
Lamb, Jake,571875,2016,91.3,11.5,64.2,25.2,
Myers, Wil,571976,2016,88.6,7,57.7,24.9,
Piscotty, Stephen,572039,2016,88.3,8.6,72.5,33.1,
Seager, Kyle,572122,2016,90.4,9,61.1,24.5,
Carpenter, Matt,572761,2016,90.7,11.3,57.2,22.5,
Dickerson, Corey,572816,2016,89,11.1,74.8,41,
Dozier, Brian,572821,2016,88.1,8.3,61.3,28.2,
Iglesias, Jose,578428,2016,83.6,0.7,54.3,35.4,
Hechavarria, Adeiny,588751,2016,88.1,1.1,66.9,33.3,
Bryant, Kris,592178,2016,89.3,11.7,72.1,28.6,
Machado, Manny,592518,2016,90.3,9.3,70,30.7,
Realmuto, J.T.,592663,2016,88.6,3.9,66,30.4,
Yelich, Christian,592885,2016,92.6,9.7,63.2,21.2,
Bogaerts, Xander,593428,2016,89,5.3,58.5,32.5,
Calhoun, Kole,594777,2016,89.8,6.2,73,29.4,
Duvall, Adam,594807,2016,88.6,12.1,68.3,32.8,
Eaton, Adam,594809,2016,89,3.1,66.7,29.5,
Lindor, Francisco,596019,2016,88.7,4.1,69,28.4,
Odor, Rougned,596059,2016,89.6,7.8,69.1,41.8,
Cuthbert, Cheslor,596144,2016,89.3,2.4,67.7,30.1,
Franco, Maikel,596748,2016,89.5,6.9,72.3,32.3,
Bradley Jr., Jackie,598265,2016,90.3,8.6,63.9,27.4,
Betts, Mookie,605141,2016,89.7,5.2,57.5,23.1,
Panik, Joe,605412,2016,86.3,4.5,63.6,21.7,
Pillar, Kevin,607680,2016,87.1,3,61.1,37.6,
Ramirez, Jose,608070,2016,88.4,3,62,26.3,
Russell, Addison,608365,2016,87.6,9.3,72,28.7,
Seager, Corey,608369,2016,91.1,8.3,78.5,28.9,
Mazara, Nomar,608577,2016,88,6.8,61.2,31.6,
Garcia, Adonis,611177,2016,89,5.2,69.5,36.6,
Correa, Carlos,621043,2016,91,7.7,63.5,28,
Tomas, Yasmany,630111,2016,90.6,10.6,79.8,40,
Martinez, Victor,400121,2018,87.8,4.7,68.4,32,
Mauer, Joe,408045,2018,91.1,5,49.7,19.3,
Choo, Shin-Soo,425783,2018,89.3,11.1,61.1,21.9,
Molina, Yadier,425877,2018,88.2,5.5,70.6,35.3,
Encarnacion, Edwin,429665,2018,89.9,11.2,66.3,24.7,
Jones, Adam,430945,2018,88.4,4.9,72.8,39.6,
Kinsler, Ian,435079,2018,85.3,3.1,66.3,24.4,
Desmond, Ian,435622,2018,90.1,7,69.9,27.2,
Cruz Jr., Nelson,443558,2018,93.9,13.8,68.7,28.3,
Peralta, David,444482,2018,91.5,7.8,67.1,28.5,
Escobar, Alcides,444876,2018,84.6,2.1,72.1,32.5,
Jay, Jon,445055,2018,85.2,1.8,65.3,33,
Longoria, Evan,446334,2018,88.5,7.8,67.1,28.9,
Davis, Chris,448801,2018,89.5,10.3,62.9,28.1,
Zobrist, Ben,450314,2018,89.9,3,60.3,21.9,
Cabrera, Asdrubal,452678,2018,90,7.5,71,29.1,
Blackmon, Charlie,453568,2018,87.5,6.5,65.9,29.2,
Markakis, Nick,455976,2018,90.6,3.1,60.6,20,
Nunez, Eduardo,456488,2018,88.4,3.4,72.8,36.4,
Cain, Lorenzo,456715,2018,89.1,3.4,63.9,21,
McCutchen, Andrew,457705,2018,90,8.4,62.1,15.9,
Upton, Justin,457708,2018,90.7,14,64.8,20.9,
Votto, Joey,458015,2018,88.3,6.9,66.9,12.9,
Gardner, Brett,458731,2018,88.1,3,52.9,20.9,
Gordon, Alex,460086,2018,88.5,6.8,65.6,28.2,
Kemp, Matt,461314,2018,89.8,11,72.9,31.4,
Santana, Carlos,467793,2018,88.9,6.9,64,20.9,
Gonzalez, Carlos,471865,2018,89.7,6.2,72.8,32.2,
Alonso, Yonder,475174,2018,87.8,9.8,73,30.5,
Smoak, Justin,475253,2018,89.5,10.8,61.5,22.5,
Lowrie, Jed,476704,2018,89.2,5.3,70.5,21.4,
Brantley Jr., Michael,488726,2018,90.2,3.5,65.3,23.7,
Gurriel, Yuli,493329,2018,89.3,1.9,68.6,34.6,
Solarte, Yangervis,500208,2018,87.1,5,76.3,37.7,
Rojas, Miguel,500743,2018,84.7,0.9,65.5,32.2,
Escobar, Eduardo,500871,2018,86.7,8.3,72.4,35.3,
Martinez, Jose,500874,2018,91,9.4,63.6,26,
Davis, Khris,501981,2018,92.5,17.2,76,23,
Pham, Tommy,502054,2018,93,10.1,59.8,19,
Martinez, J.D.,502110,2018,93,16.3,74.6,29.3,
Goldschmidt, Paul,502671,2018,90.8,13.6,62,26,
Gonzalez, Marwin,503556,2018,89.1,7,61.4,29.8,
Altuve, Jose,514888,2018,87.2,6.1,67.9,30.2,
Hernandez, Cesar,514917,2018,86,4.4,58.6,17.9,
Segura, Jean,516416,2018,87.8,3.6,66.5,31.9,
Castro, Starlin,516770,2018,88.6,6.9,65,27.4,
Marte, Starling,516782,2018,88.5,7.5,75.7,34.2,
Dietrich, Derek,518618,2018,87.6,6.1,70.6,31.8,
Freeman, Freddie,518692,2018,89.1,9.3,82.9,31,
Grandal, Yasmani,518735,2018,89,11.6,57.8,19.8,
LeMahieu, DJ,518934,2018,91.4,5.2,59.5,23.2,
Moustakas, Mike,519058,2018,89.5,8.8,72.5,34.2,
Rizzo, Anthony,519203,2018,90.1,6.7,68,29.5,
Stanton, Giancarlo,519317,2018,93.7,15.4,66.4,28.6,
Galvis, Freddy,520471,2018,88.7,4.1,67.9,35,
Perez, Salvador,521692,2018,91.4,10.8,73,44.2,
Inciarte, Ender,542255,2018,84.9,1.5,70,31,
Ozuna, Marcell,542303,2018,91.5,9.7,72.3,27.8,
Villar, Jonathan,542340,2018,88.5,5.1,72.2,27.7,
Aguilar, Jesus,542583,2018,89.7,11.4,59.6,33.9,
Crawford, Brandon,543063,2018,87.5,3.6,75.8,29.6,
Cron, C.J.,543068,2018,88,12.2,69.7,34.8,
Hicks, Aaron,543305,2018,89.7,8.8,65.1,18.3,
Hosmer, Eric,543333,2018,88.7,5.9,70.8,29.2,
Kipnis, Jason,543401,2018,86.9,6.6,61.4,25.8,
Rendon, Anthony,543685,2018,90.7,10.3,69.5,23.8,
Semien, Marcus,543760,2018,86.8,4.5,64.4,23.6,
Shaw, Travis,543768,2018,88.9,10.3,67.1,25.2,
Springer III, George,543807,2018,88.7,8.9,67,21.7,
Strange-Gordon, Dee,543829,2018,83.6,0.2,69.1,39.6,
Gregorius, Didi,544369,2018,87,4.7,74.6,33.2,
Trout, Mike,545361,2018,91.2,16.8,57.8,18,
Herrera, Odubel,546318,2018,87.1,4.9,69.2,38.3,
Harper, Bryce,547180,2018,91,11.5,74.6,25.2,
Abreu, Jose,547989,2018,91.3,9.1,64.9,34.9,
Suarez, Eugenio,553993,2018,91.2,9.7,68.2,21.8,
Polanco, Gregory,570256,2018,88.9,9.4,69.9,24.5,
Sanchez, Yolmer,570560,2018,86.7,3,64.7,31.3,
Arenado, Nolan,571448,2018,89.8,7.2,72.5,30.2,
Barnhart, Tucker,571466,2018,87.1,3.5,69.2,24.6,
Gennett, Scooter,571697,2018,87.4,6,73.9,36.3,
Hamilton, Billy,571740,2018,80.5,0.5,68.4,26.8,
Haniger, Mitch,571745,2018,90.2,10.3,61.2,22.5,
Piscotty, Stephen,572039,2018,88.5,9.6,72.6,34.2,
Seager, Kyle,572122,2018,89.8,5.6,68.1,27.4,
Carpenter, Matt,572761,2018,90.7,13.7,57.9,18.6,
Dickerson, Corey,572816,2018,88,6.1,79,41.8,
Dozier, Brian,572821,2018,86.8,6.3,57.5,23.4,
Contreras, Willson,575929,2018,88.2,7.3,69.2,31.2,
Castellanos, Nick,592206,2018,89.6,11.2,77,35.5,
Healy, Ryon,592387,2018,89.6,7.1,62.8,33.7,
Machado, Manny,592518,2018,91.6,11.3,72.5,28.6,
Realmuto, J.T.,592663,2018,89.1,9,66.8,26,
Rosario, Eddie,592696,2018,87.7,8.3,77.8,41.7,
Simmons, Andrelton,592743,2018,88.2,4.1,67,23.7,
Yelich, Christian,592885,2018,92.6,12.9,65.1,25.1,
Merrifield, Whit,593160,2018,87.1,4.8,67.5,29.2,
Bogaerts, Xander,593428,2018,90.6,9.8,60.6,26.6,
Calhoun, Kole,594777,2018,90.7,9.3,73.4,27,
Profar, Jurickson,595777,2018,87.4,5,68.3,30.1,
Baez, Javier,595879,2018,90.6,12.6,77.3,43.4,
Lindor, Francisco,596019,2018,90.6,9.5,67.8,29.8,
Odor, Rougned,596059,2018,90.7,7.1,65.3,33.2,
Story, Trevor,596115,2018,91,12.7,73.1,28.5,
Kepler, Max,596146,2018,89.5,6.6,65.1,20.9,
Bradley Jr., Jackie,598265,2018,92.2,10.3,70.1,23.3,
Candelario, Jeimer,600869,2018,87.1,6,61.3,25.6,
Ahmed, Nick,605113,2018,86.9,5.1,71.6,30,
Anderson, Brian,605119,2018,90.2,5.8,68.2,23.4,
Bell, Josh,605137,2018,90.2,7,68.5,23.1,
Betts, Mookie,605141,2018,92.2,14.1,56.6,16.1,
Smith, Mallex,605480,2018,85.8,1.5,72.8,26,
Hernandez, Teoscar,606192,2018,91.8,15.5,72.1,28.2,
Peraza, Jose,606299,2018,85.8,2.5,67,33.3,
Marte, Ketel,606466,2018,88.9,5.2,69.1,23.9,
Nimmo, Brandon,607043,2018,90,6.8,62.2,16.1,
Turner, Trea,607208,2018,89.1,5.8,64.8,23.1,
Pillar, Kevin,607680,2018,87.3,5.7,67.1,41.7,
Ramirez, Jose,608070,2018,89,8.3,60.7,19.8,
Bregman, Alex,608324,2018,89.4,7.6,57.7,18.2,
Gallo, Joey,608336,2018,94.4,22.9,73,29.4,
Mazara, Nomar,608577,2018,90.5,8.5,62.8,32.2,
Andujar, Miguel,609280,2018,89.2,6.3,72.1,36,
Swanson, Dansby,621020,2018,88,4.1,69.9,31.1,
Taylor, Chris,621035,2018,88.9,8.3,69.7,23.6,
Wendle, Joey,621563,2018,88.8,2.7,61.3,34,
Olson, Matt,621566,2018,93.3,12.6,69.2,21,
Duffy, Matt,622110,2018,86.8,1.2,67.7,25,
Margot, Manuel,622534,2018,89.4,3.3,65.5,24.9,
Camargo, Johan,622666,2018,88.1,5,70.1,32.1,
Conforto, Michael,624424,2018,88,9.5,64.5,24,
Anderson, Tim,641313,2018,85.9,4.7,73.2,35.9,
Bellinger, Cody,641355,2018,89.8,8.6,66.1,24.4,
Mancini III, Trey,641820,2018,89.9,11.8,67.9,31.6,
Rosario, Amed,642708,2018,87.7,3.9,69.7,37.9,
Benintendi, Andrew,643217,2018,88.6,6.4,70,24.3,
Albies, Ozzie,645277,2018,86.9,4.7,82.9,32.6,
Chapman, Matt,656305,2018,93.1,8.9,61.8,21.1,
Hoskins, Rhys,656555,2018,89,11.4,60.1,19.5,
Schwarber, Kyle,656941,2018,90.7,12.7,64.7,21.9,
Moncada, Yoan,660162,2018,91,9.6,62.7,20.4,
Beltran, Carlos,136860,2017,87.3,4.6,66.5,32.4,
Pujols, Albert,405395,2017,88.7,5.4,64.2,32,
Mauer, Joe,408045,2017,90.6,4.5,53.6,19.1,
Cabrera, Miguel,408234,2017,91.1,10.5,72.9,30.3,
Phillips, Brandon,408252,2017,84.6,2.4,75.7,39.2,
Reyes, Jose,408314,2017,84.3,2.6,62.8,29.5,
Choo, Shin-Soo,425783,2017,88.7,8.6,63.6,20.6,
Molina, Yadier,425877,2017,87.9,5.9,70.9,33.2,
Cano, Robinson,429664,2017,90.3,6.3,74.1,30.8,
Encarnacion, Edwin,429665,2017,89.2,10.3,67.8,20.9,
Bautista, Jose,430832,2017,88.4,6.4,62.8,22.7,
Jones, Adam,430945,2017,86.9,6.4,79.8,41.5,
Granderson, Curtis,434158,2017,87.7,10.9,58.5,19.7,
Ramirez, Hanley,434670,2017,88.5,9.5,71.4,28,
Morales, Kendrys,434778,2017,91.1,10,71.4,32.3,
Kinsler, Ian,435079,2017,86.3,4.9,64.1,25,
Cruz Jr., Nelson,443558,2017,93.2,14.2,70.2,27.9,
Trumbo, Mark,444432,2017,89.8,7.1,71.6,31.3,
Peralta, David,444482,2017,88,4.1,70.5,28.8,
Escobar, Alcides,444876,2017,84,2.2,73.1,35.4,
Longoria, Evan,446334,2017,86.7,5.2,68.7,32.2,
Cozart, Zack,446359,2017,85.8,4.4,60.8,21.7,
Reynolds, Mark,448602,2017,87.2,8.3,67.2,22.7,
Davis, Chris,448801,2017,90,12.5,59.1,27.3,
Headley, Chase,452104,2017,87.3,4.6,66.5,24.1,
Pence, Hunter,452254,2017,89,5.8,64.9,28.2,
Span, Denard,452655,2017,85.3,3.3,64.6,23.4,
Cabrera, Asdrubal,452678,2017,87.2,4.7,70.3,25.3,
Blackmon, Charlie,453568,2017,87.3,8.7,64,27.3,
Frazier, Todd,453943,2017,87.5,9.3,60.1,22.3,
Markakis, Nick,455976,2017,88.3,3.3,59.1,23.2,
Cain, Lorenzo,456715,2017,89.1,3.5,71.8,26.3,
McCutchen, Andrew,457705,2017,88.4,7.7,68.3,20.5,
Upton, Justin,457708,2017,88.8,13.2,64.7,24.1,
Turner, Justin,457759,2017,89.4,8.6,67.5,21.7,
Posey III, Buster,457763,2017,88.7,3.5,66.1,23.4,
Bruce, Jay,457803,2017,88.4,10.5,72.8,29.5,
Votto, Joey,458015,2017,87.5,9.1,70.3,13.2,
Gardner, Brett,458731,2017,86.4,3.8,52.6,21.9,
Joyce, Matt,459964,2017,88.1,8.8,66.7,18.8,
Gordon, Alex,460086,2017,86.3,4.5,69.7,25.2,
Andrus, Elvis,462101,2017,86.5,4.2,63.1,31.8,
Cabrera, Melky,466320,2017,88.3,3.8,63.6,31,
Santana, Carlos,467793,2017,88.6,7.5,61,19.7,
Gonzalez, Carlos,471865,2017,87.5,5.9,71.4,32,
Mercer, Jordy,474568,2017,85.8,3.1,61.1,23.8,
Alonso, Yonder,475174,2017,89.1,9.6,72.5,25.8,
Smoak, Justin,475253,2017,89.6,13.6,65.6,23.9,
Zimmerman, Ryan,475582,2017,91.4,12.2,61.7,29.2,
Lowrie, Jed,476704,2017,88.9,6,74.6,22.1,
Morrison, Logan,489149,2017,88.6,12.8,69.4,25,
Gurriel, Yuli,493329,2017,90.1,3.4,69.1,30.5,
Solarte, Yangervis,500208,2017,85.4,3.9,71.9,33.5,
Freese, David,501896,2017,88.9,6.4,61.6,24.2,
Davis, Khris,501981,2017,92.3,17.7,74.8,21.9,
Pham, Tommy,502054,2017,89.6,9.3,59.6,16.2,
Reddick, Josh,502210,2017,87.7,3.8,64.5,27.6,
Murphy, Daniel,502517,2017,89.6,4.8,66.7,30.4,
Goldschmidt, Paul,502671,2017,91.5,13.3,62.1,23,
Gonzalez, Marwin,503556,2017,88.7,6.6,61.6,26.6,
Altuve, Jose,514888,2017,86.1,6.7,67.6,32,
Hernandez, Cesar,514917,2017,85.8,2.9,61.4,20.4,
Segura, Jean,516416,2017,87.6,3.2,66.6,31.8,
Freeman, Freddie,518692,2017,89.7,13.3,82.2,28.9,
LeMahieu, DJ,518934,2017,89.3,1.9,59,22.2,
Moreland, Mitch,519048,2017,89.3,12,69.2,27.3,
Moustakas, Mike,519058,2017,87.4,8.6,75.7,39,
Rizzo, Anthony,519203,2017,88.4,9.3,67,27.9,
Souza Jr., Steven,519306,2017,88.8,11.5,69.5,21.4,
Stanton, Giancarlo,519317,2017,91.9,17.4,66.4,24.4,
Thames, Eric,519346,2017,88.2,11.1,66.7,23.8,
Galvis, Freddy,520471,2017,86.3,2.4,67.3,32,
Garcia, Avisail,541645,2017,90.3,8.8,83.5,37.7,
Inciarte, Ender,542255,2017,82.8,0.5,71.2,35.7,
Ozuna, Marcell,542303,2017,90.8,9.3,72.9,29.9,
Beckham, Tim,542921,2017,88.4,9.5,71.1,30.4,
Crawford, Brandon,543063,2017,87.5,5.8,76,28.8,
Harrison, Josh,543281,2017,84.9,2.7,72.9,33.1,
Hosmer, Eric,543333,2017,89.8,7,69.8,26.8,
Rendon, Anthony,543685,2017,89.8,6.5,61.8,18.6,
Shaw, Travis,543768,2017,88.6,7.4,66.7,27.6,
Springer III, George,543807,2017,89.2,9.3,68,22.1,
Strange-Gordon, Dee,543829,2017,81.6,0.2,69.7,36,
Gregorius, Didi,544369,2017,84.4,3.6,81.8,37.7,
Trout, Mike,545361,2017,88.8,13.3,58.9,18.8,
Herrera, Odubel,546318,2017,87.2,6.2,71.2,38.1,
Abreu, Jose,547989,2017,90.6,9.5,67.3,30.5,
Suarez, Eugenio,553993,2017,86.3,6.9,64.3,21.6,
Santana, Domingo,570267,2017,89.2,9.4,70.4,24.2,
Sanchez, Yolmer,570560,2017,84.9,3.6,67.4,33.2,
Schoop, Jonathan,570731,2017,87.9,7,75.2,33,
Arenado, Nolan,571448,2017,88.8,8.5,71.1,28.1,
Hamilton, Billy,571740,2017,80.5,0.4,65.1,26.8,
Joseph, Tommy,571830,2017,89.2,7.3,67.7,34.3,
Lamb, Jake,571875,2017,88.3,9.3,60.5,20.5,
Myers, Wil,571976,2017,89.5,9.1,65.1,25.2,
Seager, Kyle,572122,2017,88.3,8.6,62.4,23.5,
Carpenter, Matt,572761,2017,89.7,8.2,55.7,14.2,
Dickerson, Corey,572816,2017,87.2,7.5,78.6,42.7,
Dozier, Brian,572821,2017,87.9,8.4,59.5,25.8,
Bryant, Kris,592178,2017,87,9.6,71,24.3,
Castellanos, Nick,592206,2017,89,10.5,73.1,31.8,
Gamel, Ben,592325,2017,86.3,4.1,62.3,26.5,
Healy, Ryon,592387,2017,88.2,7.1,62.1,33.8,
Judge, Aaron,592450,2017,94.9,25.7,66.2,22.5,
Machado, Manny,592518,2017,91.3,10.5,71.9,29.6,
Realmuto, J.T.,592663,2017,88.2,6.3,66.9,28.5,
Rosario, Eddie,592696,2017,87.2,7.4,76,36.7,
Simmons, Andrelton,592743,2017,86.2,2.6,66.5,26.8,
Yelich, Christian,592885,2017,90.6,7,64,23,
Merrifield, Whit,593160,2017,87.6,5.1,68.5,32.2,
Bogaerts, Xander,593428,2017,87.3,1.3,55,29.1,
Polanco, Jorge,593871,2017,85,2.6,62.3,24.3,
Calhoun, Kole,594777,2017,88.3,5.7,70.8,29,
Duvall, Adam,594807,2017,87.3,8.9,66.2,31.4,
Schebler, Scott,594988,2017,89.1,10.2,76.3,32.7,
Baez, Javier,595879,2017,87.9,8.4,73.2,42.9,
Lindor, Francisco,596019,2017,89,7.1,67.9,28.8,
Odor, Rougned,596059,2017,89.1,6,71.7,37.2,
Story, Trevor,596115,2017,89.4,10.5,68.9,26.8,
Sanchez, Gary,596142,2017,90.8,11.5,66.1,32.4,
Kepler, Max,596146,2017,88.7,4,61.1,26.8,
Franco, Maikel,596748,2017,88.9,5.8,74.8,28.3,
Bradley Jr., Jackie,598265,2017,88.3,7.8,67.2,25.7,
Bell, Josh,605137,2017,87.6,6.4,66.9,24,
Betts, Mookie,605141,2017,88.4,4.5,53.4,19.2,
Panik, Joe,605412,2017,85,2.6,64,23.2,
Arcia, Orlando,606115,2017,85.7,3.9,74.8,34.7,
Peraza, Jose,606299,2017,82.8,1.7,68.4,34.3,
Pillar, Kevin,607680,2017,86,3.4,67.8,36.8,
Ramirez, Jose,608070,2017,88.2,5,65.8,23.1,
Bregman, Alex,608324,2017,87.6,4.7,65.9,24.1,
Gallo, Joey,608336,2017,93.3,22.1,72.7,28.2,
Seager, Corey,608369,2017,89.7,8.5,78.4,25.6,
Mazara, Nomar,608577,2017,89,6.5,65.4,30.8,
Swanson, Dansby,621020,2017,86.9,3,66.4,24.6,
Taylor, Chris,621035,2017,87.1,8,68.5,22.2,
Buxton, Byron,621439,2017,88.1,5.6,66.7,31.9,
Margot, Manuel,622534,2017,85.3,2.6,63.2,27,
Puig, Yasiel,624577,2017,88.5,9.4,69.9,26.2,
Anderson, Tim,641313,2017,85.6,5.1,70.4,40.2,
Bellinger, Cody,641355,2017,90.8,12.2,68.1,23.5,
Mancini III, Trey,641820,2017,88.6,10,73.3,31.4,
Benintendi, Andrew,643217,2017,87.5,5.5,65.3,25.2,
Cabrera, Miguel,408234,2021,91.4,8.3,69.1,30.3,
Cruz Jr., Nelson,443558,2021,92.9,13.6,73.8,31,
Peralta, David,444482,2021,89.3,5,66.6,27,
Blackmon, Charlie,453568,2021,87.6,7,67.8,26.2,
McCutchen, Andrew,457705,2021,88.8,9,63.7,19.1,
Turner, Justin,457759,2021,90.9,7.9,66.9,22.6,
Votto, Joey,458015,2021,92.9,17.2,68.1,21.7,
Andrus, Elvis,462101,2021,87.8,2.1,66,31.7,
Santana, Carlos,467793,2021,89.9,6.8,66.9,22.5,
Lowrie, Jed,476704,2021,90.7,9.3,70.9,20.6,
Brantley Jr., Michael,488726,2021,89.5,5.8,65.9,24.1,
Gurriel, Yuli,493329,2021,89.8,3.4,62.2,26.1,
Rojas, Miguel,500743,2021,86.2,2.8,66.4,26.3,
Escobar, Eduardo,500871,2021,87,8.9,72.2,28.8,
Pham, Tommy,502054,2021,90.8,10,59.9,16.1,
Martinez, J.D.,502110,2021,92.1,12.5,76.5,33.7,
Goldschmidt, Paul,502671,2021,92.6,13.6,64.4,25.2,
Altuve, Jose,514888,2021,87.7,6.4,66.7,30.5,
Hernandez, Cesar,514917,2021,87.4,6.8,68.3,26.1,
Segura, Jean,516416,2021,87.2,5.9,66.6,30.2,
Marte, Starling,516782,2021,87.6,8.4,71,30.1,
Donaldson, Josh,518626,2021,94.1,17.4,70.2,22.6,
Freeman, Freddie,518692,2021,91.4,11.5,77.5,25.6,
LeMahieu, DJ,518934,2021,90.6,3.7,61.8,20.5,
Rizzo, Anthony,519203,2021,90.1,7.7,64.5,29.3,
Stanton, Giancarlo,519317,2021,95.1,15.7,63.5,28,
Perez, Salvador,521692,2021,93,16.3,78.6,44.6,
Garcia, Avisail,541645,2021,90.4,12.2,81.8,37.2,
Villar, Jonathan,542340,2021,88,7.4,74.7,27.9,
Aguilar, Jesus,542583,2021,89.6,8.5,63.8,27.3,
Crawford, Brandon,543063,2021,88.8,11.5,77.6,27.9,
Cron, C.J.,543068,2021,88.8,11.5,66.2,30.9,
Grossman, Robbie,543257,2021,87.8,7.6,63.4,15.6,
Harrison, Josh,543281,2021,87.2,4.4,75.1,35.5,
Hosmer, Eric,543333,2021,90.5,5.8,67,31.8,
Semien, Marcus,543760,2021,89.7,9.8,69.7,21.2,
Grichuk, Randal,545341,2021,89.8,8.5,73.7,32.4,
Harper, Bryce,547180,2021,92.5,18.1,75.4,24.7,
Abreu, Jose,547989,2021,92,10.2,66.7,32.1,
Suarez, Eugenio,553993,2021,89.1,15,64.3,23.2,
Schoop, Jonathan,570731,2021,88.1,6.8,71,35.2,
Arenado, Nolan,571448,2021,89,6.7,67.3,29,
Farmer, Kyle,571657,2021,87.2,4.3,65.2,35.6,
Haniger, Mitch,571745,2021,89.3,12.6,65,29.2,
Hernandez, Enrique,571771,2021,90.8,8.4,66.7,24.9,
Muncy, Max,571970,2021,91.2,16.1,60.3,15.7,
Seager, Kyle,572122,2021,89,12.3,72.3,29.2,
Taylor, Michael A.,572191,2021,89.4,6.6,75.4,30.4,
Yastrzemski, Mike,573262,2021,89.5,10.3,67.9,23,
Iglesias, Jose,578428,2021,85.4,3.4,68.5,43.2,
Bryant, Kris,592178,2021,88.2,10.3,73.7,26.6,
Canha, Mark,592192,2021,87.3,7.1,61.5,20.7,
Castellanos, Nick,592206,2021,89.8,10.6,78.8,36.3,
Judge, Aaron,592450,2021,95.8,17.6,66.1,23.6,
Machado, Manny,592518,2021,93.1,13.3,70.2,28.9,
Realmuto, J.T.,592663,2021,89.6,8.6,70,30.4,
Renfroe, Hunter,592669,2021,90.1,14.4,66.7,31.7,
Merrifield, Whit,593160,2021,86.9,3.5,71.3,29,
Bogaerts, Xander,593428,2021,89.6,9.7,62.4,31,
Polanco, Jorge,593871,2021,89.4,10.1,70.5,29.7,
Sano, Miguel,593934,2021,93.4,17.7,66.1,26.6,
Duvall, Adam,594807,2021,89.8,16.1,67.1,33.8,
Baez, Javier,595879,2021,90.1,13.4,75.9,44.5,
Lindor, Francisco,596019,2021,90.7,8.2,70.9,26,
Story, Trevor,596115,2021,90.6,9.9,73.7,30.3,
Candelario, Jeimer,600869,2021,88.7,9,68.6,29.1,
Bell, Josh,605137,2021,92.5,8.8,74,23.8,
Betts, Mookie,605141,2021,90.3,7.8,63.9,18.2,
Tapia, Raimel,606132,2021,85.7,2.1,69,33,
Hernandez, Teoscar,606192,2021,91.8,13.9,75.8,30.6,
Turner, Trea,607208,2021,89.6,7.4,72.3,26.5,
Ramirez, Jose,608070,2021,90,11.1,64.4,24.1,
Gallo, Joey,608336,2021,91.5,18.5,64.4,18.9,
Swanson, Dansby,621020,2021,89.3,11.4,72.5,24,
Newman, Kevin,621028,2021,85.3,1.6,63.3,26.5,
Taylor, Chris,621035,2021,88.2,10.2,69.4,20.6,
Correa, Carlos,621043,2021,90.2,9.4,62,24.1,
Olson, Matt,621566,2021,91.6,12.7,72.2,23.7,
Alonso, Pete,624413,2021,91,14.8,71,30.8,
Frazier, Adam,624428,2021,85.4,1,67.9,26.1,
Soler, Jorge,624585,2021,91.2,12.7,70,23,
Cronenworth, Jake,630105,2021,88.6,7.2,62.5,23.5,
Meadows, Austin,640457,2021,89.3,8.7,71,25.1,
Anderson, Tim,641313,2021,89.6,7.8,79.2,36.6,
Crawford, J.P.,641487,2021,86.3,2.4,64,21.7,
Dozier, Hunter,641531,2021,89.9,8.8,70.3,29.8,
Mancini III, Trey,641820,2021,88.9,10.4,65.6,30.8,
McMahon, Ryan,641857,2021,90.5,7.3,73.1,24.5,
O'Neill, Tyler,641933,2021,93,17.9,73.9,27.5,
Rosario, Amed,642708,2021,88.8,2.8,64,34.7,
Adames, Willy,642715,2021,89.5,11.4,72.2,27.5,
Benintendi, Andrew,643217,2021,89.6,8.9,73.9,30.2,
Kiner-Falefa, Isiah,643396,2021,85.5,1.8,62.6,30.7,
Albies, Ozzie,645277,2021,89.6,9.3,82.2,34.2,
Devers, Rafael,646240,2021,92.9,15,77.7,32.3,
Urias, Luis,649966,2021,87.9,9.3,67.8,25.2,
Torres, Gleyber,650402,2021,87.1,7.8,70.7,22.6,
Diaz, Yandy,650490,2021,89.9,7,66.8,18.9,
Chapman, Matt,656305,2021,89.7,13.7,66.4,22.9,
Mullins II, Cedric,656775,2021,89.4,8.1,64.7,27.8,
Smith, Pavin,656976,2021,87.2,5.1,59.5,23.8,
Verdugo, Alex,657077,2021,90,7.3,62.2,26.5,
Moncada, Yoan,660162,2021,90.1,8.2,63.6,23.6,
Ohtani, Shohei,660271,2021,93.6,22.3,69.9,27.2,
Riley, Austin,663586,2021,90.1,13.3,72.2,31,
Mountcastle, Ryan,663624,2021,89.1,11.8,76.1,38.1,
Tucker, Kyle,663656,2021,91.4,11.6,80.9,26.3,
India, Jonathan,663697,2021,87.6,9.6,56.9,21.8,
Grisham, Trent,663757,2021,88.8,5.2,63.5,16.9,
Lowe, Nathaniel,663993,2021,90.8,9.5,66.2,22.9,
Happ, Ian,664023,2021,89.5,10.9,65.6,23.1,
France, Ty,664034,2021,88.5,6.8,72.1,30,
Lowe, Brandon,664040,2021,89.3,14,78.5,29.7,
Fletcher, David,664058,2021,82.3,0,61.2,29.2,
Straw, Myles,664702,2021,87.1,1.3,59.7,19,
Walsh, Jared,665120,2021,89.6,11.3,68.5,31.6,
Tatis Jr., Fernando,665487,2021,93.9,21.3,79.9,29,
Guerrero Jr., Vladimir,665489,2021,95.1,15.1,73.7,24.5,
Soto, Juan,665742,2021,93,13.3,60,12.2,
Chisholm Jr., Jazz,665862,2021,90.2,9,64.9,30.8,
Bichette, Bo,666182,2021,91.4,9.9,79.6,38.1,
Carlson, Dylan,666185,2021,88.2,7,67.2,23.9,
Garcia, Adolis,666969,2021,91,11.5,74.5,35.8,
Gurriel Jr., Lourdes,666971,2021,89.7,9.6,68.3,34.3,
Arozarena, Randy,668227,2021,89.9,8.2,66.5,24.7,
Reynolds, Bryan,668804,2021,89.4,10.4,75.4,24.7,
Rojas, Josh,668942,2021,88.2,4.8,62.9,21.1,
Edman, Tommy,669242,2021,87.5,4.2,65.6,28.2,
Solak, Nick,669256,2021,86.9,6.5,64.3,29.8,
Hays, Austin,669720,2021,88.8,9.1,64.4,29.4,
Lopez, Nicky,670032,2021,86.8,0.7,64.9,24.5,
Alvarez, Yordan,670541,2021,93.2,15.9,62,26.2,
Pujols, Albert,405395,2019,88.3,5.8,59.7,30.7,
Cabrera, Miguel,408234,2019,90.4,6.7,68,33.7,
Choo, Shin-Soo,425783,2019,91.9,8.8,64.8,20.3,
Jones, Adam,430945,2019,86.1,6.7,72.4,39.2,
Cruz Jr., Nelson,443558,2019,93.7,19.9,69.8,27.3,
Longoria, Evan,446334,2019,89.7,7.5,64.6,30.1,
Fowler, Dexter,451594,2019,85.5,7.4,66.7,23.4,
Cabrera, Asdrubal,452678,2019,89.1,5.7,66.4,25.2,
Blackmon, Charlie,453568,2019,88.7,8.3,70.4,30.5,
Cain, Lorenzo,456715,2019,89.5,4.1,65.3,25.2,
Turner, Justin,457759,2019,90.3,7.8,66.6,24.5,
Votto, Joey,458015,2019,88.9,6.9,65.5,18.5,
Gardner, Brett,458731,2019,87.7,3.9,55.5,22.5,
Braun, Ryan,460075,2019,91.5,9.5,72.1,34.6,
Gordon, Alex,460086,2019,88.7,5.4,70.9,26.7,
Andrus, Elvis,462101,2019,88.4,3.5,61.1,32.6,
Ramos, Wilson,467092,2019,90,4.7,74.9,34.1,
Santana, Carlos,467793,2019,91.8,9.6,63.7,17.9,
Belt, Brandon,474832,2019,87.3,8.7,75,22.7,
Brantley Jr., Michael,488726,2019,88.8,5.5,61,26,
Gurriel, Yuli,493329,2019,89.3,3.6,66.7,34.3,
Rojas, Miguel,500743,2019,87.4,2.6,64.4,29.8,
Escobar, Eduardo,500871,2019,87.8,7,71.4,37.8,
Davis, Khris,501981,2019,90.2,9.8,79.6,27.3,
Pham, Tommy,502054,2019,90.9,7.9,61.6,16.4,
Martinez, J.D.,502110,2019,91.3,11.5,72.4,29.6,
Reddick, Josh,502210,2019,86.1,3.4,74.2,30,
Goldschmidt, Paul,502671,2019,90.1,11.3,66.6,28.4,
Altuve, Jose,514888,2019,87.4,8.1,67.9,30.6,
Hernandez, Cesar,514917,2019,86.1,2.7,64.5,27.9,
Segura, Jean,516416,2019,88.2,3.2,60.6,35.8,
Castro, Starlin,516770,2019,88.5,6.2,67.4,31.5,
Marte, Starling,516782,2019,88.6,8,76.9,33.5,
Donaldson, Josh,518626,2019,92.9,15.7,68.9,23.1,
Freeman, Freddie,518692,2019,89.7,12.3,80.6,29.3,
Grandal, Yasmani,518735,2019,90.7,11.3,58.8,21.4,
Heyward, Jason,518792,2019,88.8,5.7,66.3,27.6,
LeMahieu, DJ,518934,2019,91.9,7.5,64.3,27.1,
Moustakas, Mike,519058,2019,89.5,10.3,72,31.5,
Rizzo, Anthony,519203,2019,89,6.8,63.6,32,
Galvis, Freddy,520471,2019,88.8,5.8,72.6,38.1,
Garcia, Avisail,541645,2019,89.5,11.7,81.3,36,
Ozuna, Marcell,542303,2019,91.8,12.1,68.1,27.6,
Villar, Jonathan,542340,2019,88.9,6.8,74.2,28.1,
Santana, Danny,542454,2019,91.4,9.5,74.2,38.5,
Crawford, Brandon,543063,2019,87.8,5.4,77.1,28.3,
Hosmer, Eric,543333,2019,90.8,7.2,71.7,32.9,
Kipnis, Jason,543401,2019,88.1,5.5,65.8,26.7,
Rendon, Anthony,543685,2019,90.4,12,68.1,20.7,
Semien, Marcus,543760,2019,88.9,8.5,66.4,19.2,
Springer III, George,543807,2019,89.8,14.1,69,20.9,
Vazquez, Christian,543877,2019,89.4,5.9,68.1,32.3,
Wong, Kolten,543939,2019,86.1,2.2,67.7,29.8,
Garcia, Leury,544725,2019,88.2,3.8,72.7,36.1,
Grichuk, Randal,545341,2019,89.3,8.5,69.4,33.3,
Trout, Mike,545361,2019,90.9,18.9,57.8,17.8,
Harper, Bryce,547180,2019,91.9,14.8,74.1,30.4,
Abreu, Jose,547989,2019,92.1,12.6,66.4,34.7,
Suarez, Eugenio,553993,2019,89.3,13.8,67.1,24,
Santana, Domingo,570267,2019,89,12.1,69.3,24.9,
Sanchez, Yolmer,570560,2019,87.1,1,67.2,31.3,
Arenado, Nolan,571448,2019,89.4,8,73.1,34.8,
Muncy, Max,571970,2019,89.8,12,62.9,19.7,
Voit III, Luke,572228,2019,89.7,13.2,77,22.4,
Walker, Christian,572233,2019,91.1,13.1,74.9,24,
Iglesias, Jose,578428,2019,84.1,2.3,67.1,45.9,
Bryant, Kris,592178,2019,87.6,9.3,73.7,27.4,
Castellanos, Nick,592206,2019,88.9,10.9,74.7,38.7,
Machado, Manny,592518,2019,91.2,8,69,28.5,
Moran, Colin,592567,2019,88.2,7.4,75.4,35.8,
Pederson, Joc,592626,2019,91.2,10.3,68.5,26.5,
Realmuto, J.T.,592663,2019,90.3,8.7,70.5,32.9,
Rosario, Eddie,592696,2019,89.2,8.5,81,43.2,
Yelich, Christian,592885,2019,93.3,15.8,69.8,27.9,
Merrifield, Whit,593160,2019,87,4.3,68.2,30.8,
Bogaerts, Xander,593428,2019,90.5,8.4,56.2,27.4,
Alberto, Hanser,593643,2019,84.4,2.9,74.5,45.3,
Polanco, Jorge,593871,2019,88,6.7,65.9,26.6,
Calhoun, Kole,594777,2019,89.5,11.2,73.6,25.8,
Eaton, Adam,594809,2019,88.9,3.8,63.7,27.4,
Profar, Jurickson,595777,2019,86.6,6.2,65.6,26.1,
Baez, Javier,595879,2019,91.1,12.7,73.5,42.6,
Lindor, Francisco,596019,2019,91,7.5,72.3,32.1,
Odor, Rougned,596059,2019,91.1,13.6,67.5,30,
Story, Trevor,596115,2019,91,8.9,70.4,28.5,
Vogelbach, Daniel,596129,2019,88.8,10.5,50.9,19.6,
Kepler, Max,596146,2019,89.7,8.9,74,27.6,
Bradley Jr., Jackie,598265,2019,90.2,9.6,69.2,28.1,
Nunez, Renato,600524,2019,89.9,10.7,68.1,34.4,
Ahmed, Nick,605113,2019,87.8,6.6,72.3,27.9,
Anderson, Brian,605119,2019,89.9,8.9,65.1,32,
Bell, Josh,605137,2019,92.4,12.7,77,27.5,
Betts, Mookie,605141,2019,91,10.3,59.7,18.9,
Smith, Mallex,605480,2019,85.2,2.2,70,27,
Arcia, Orlando,606115,2019,87.9,4.3,65.5,30.3,
Marte, Ketel,606466,2019,90,9.3,70.7,28.6,
Turner, Trea,607208,2019,90.4,6.8,67.4,29.1,
Pillar, Kevin,607680,2019,86.4,4.9,73.5,46.9,
Ramirez, Jose,608070,2019,89.2,6.3,64.2,23.1,
Bregman, Alex,608324,2019,89.3,4.8,57.4,15.8,
Seager, Corey,608369,2019,88.8,7.3,77.7,26.8,
Reyes, Franmil,614177,2019,93.3,14.8,76.7,30.2,
Swanson, Dansby,621020,2019,89.9,10.1,68.5,24.8,
Newman, Kevin,621028,2019,85.3,2.1,70,33.8,
Olson, Matt,621566,2019,92.7,14.5,67,25,
Alonso, Pete,624413,2019,90.7,15.8,67.3,32,
Conforto, Michael,624424,2019,89.2,11.9,70.8,25,
Frazier, Adam,624428,2019,87.1,1.9,69.7,27.1,
Puig, Yasiel,624577,2019,90,9.2,77.1,30.1,
Soler, Jorge,624585,2019,92.6,16.6,68.2,24.2,
Meadows, Austin,640457,2019,90.4,12.5,60.8,24.7,
Anderson, Tim,641313,2019,88.3,5.1,75.5,43.6,
Bellinger, Cody,641355,2019,91.2,13,68.8,23.7,
Dozier, Hunter,641531,2019,91,10,64.6,26.9,
Mancini III, Trey,641820,2019,90.3,10.3,67.4,32,
McMahon, Ryan,641857,2019,91.9,9,74.6,26.5,
Rosario, Amed,642708,2019,89.4,4.2,69.8,36.1,
Adames, Willy,642715,2019,88.5,8.4,69.2,24.7,
Benintendi, Andrew,643217,2019,89.1,8.1,77.5,29.5,
McNeil, Jeff,643446,2019,89,4.8,84.1,38,
Albies, Ozzie,645277,2019,88.9,6.6,80.7,34.4,
Robles, Victor,645302,2019,83.3,4.8,71,30.1,
Devers, Rafael,646240,2019,92.5,9,75.7,37.3,
Jimenez, Eloy,650391,2019,91.1,12.8,71.3,33.8,
Torres, Gleyber,650402,2019,89.1,10.1,75.6,31.3,
Chapman, Matt,656305,2019,92.7,12.1,62.4,22.8,
Hoskins, Rhys,656555,2019,89.7,9.7,58.1,22.1,
Schwarber, Kyle,656941,2019,93.5,14.5,65.5,23.9,
DeJong, Paul,657557,2019,87,8.6,69.4,28.1,
Moncada, Yoan,660162,2019,93.1,12.2,67,29.1,
Acuna Jr., Ronald,660670,2019,90.6,15,68.6,24,
Fletcher, David,664058,2019,83.8,0.2,49,22.4,
Guerrero Jr., Vladimir,665489,2019,89.4,7.7,69.1,28.9,
Soto, Juan,665742,2019,92,12.3,66.7,20.3,
Reynolds, Bryan,668804,2019,89.5,6.7,72.1,28,